name,acronym,price,perc_change_1h,perc_change_24h,perc_change_7d,market_cap
Bitcoin,BTC,"$26,409.14",0.24%,1.01%,2.05%,"$515,011,214,135"
Ethereum,ETH,"$1,621.41",0.18%,0.90%,0.75%,"$195,070,382,425"
Tether USDt,USDT,$1.00,0.01%,0.01%,0.05%,"$83,047,381,924"
BNB,BNB,$212.33,0.24%,0.23%,0.90%,"$32,666,912,577"
XRP,XRP,$0.4994,0.70%,1.37%,1.07%,"$26,553,913,107"
USD Coin,USDC,$1.00,0.01%,0.00%,0.01%,"$26,044,415,440"
Dogecoin,DOGE,$0.06201,0.26%,0.26%,1.92%,"$8,744,960,787"
Cardano,ADA,$0.2476,0.72%,1.66%,2.37%,"$8,690,397,852"
Solana,SOL,$18.76,0.93%,1.23%,4.03%,"$7,714,622,328"
TRON,TRX,$0.08388,0.45%,0.45%,6.19%,"$7,482,215,824"
tomiNet,TOMI,$4.03,0.04%,27.26%,18.36%,"$263,132,215"
Pepe,PEPE,$0.0...06706,0.78%,2.36%,14.68%,"$262,736,245"
Zilliqa,ZIL,$0.01646,1.02%,2.06%,0.14%,"$261,123,240"
SafePal,SFP,$0.619,0.32%,2.33%,2.07%,"$260,511,430"
Gnosis,GNO,$100.22,0.08%,0.10%,0.74%,"$259,530,636"
Basic Attention Token,BAT,$0.173,0.18%,0.95%,1.40%,"$257,770,807"
1inch Network,1INCH,$0.2485,0.53%,3.12%,1.46%,"$257,147,008"
PancakeSwap,CAKE,$1.15,0.16%,1.32%,6.66%,"$252,386,018"
Loopring,LRC,$0.1789,0.36%,0.36%,3.51%,"$238,169,990"
Chia,XCH,$27.34,0.15%,2.26%,2.59%,"$231,632,039"
Lido Staked ETH,stETH,"$1,621.36",0.16%,0.43%,0.61%,"$14,018,062,447"
Wrapped TRON,WTRX,$0.08356,0.06%,1.42%,7.15%,"$8,495,952,977"
Wrapped HBAR,WHBAR,$0.05031,0.08%,2.55%,1.88%,"$1,670,827,962"
Bitcoin BEP2,BTCB,"$26,413.35",0.20%,0.91%,2.21%,"$1,422,607,059"
Kaspa,KAS,$0.04867,0.29%,0.32%,27.78%,"$1,005,271,937"
Wrapped EOS,WEOS,$0.8976,0.00%,2.05%,2.08%,"$989,781,354"
Frax,FRAX,$0.9979,0.11%,0.04%,0.24%,"$670,316,253"
HEX,HEX,$0.003691,0.64%,10.10%,2.27%,"$640,093,797"
TNC Coin,TNC,$0.1069,0.37%,1.66%,1.98%,"$625,443,395"
Bitget Token,BGB,$0.4463,0.00%,0.19%,2.21%,"$624,814,452"
Marlin,POND,$0.007969,0.13%,1.03%,2.48%,"$64,449,590"
Energy Web Token,EWT,$2.14,0.09%,1.52%,7.67%,"$64,379,672"
SmarDex,SDEX,$0.009251,0.23%,0.17%,1.67%,"$63,784,546"
Request,REQ,$0.06365,0.09%,0.74%,2.91%,"$63,636,860"
Bancor,BNT,$0.4388,1.58%,10.52%,1.25%,"$63,593,448"
Ardor,ARDR,$0.06356,0.36%,1.30%,2.40%,"$63,498,480"
Stella,ALPHA,$0.07689,0.56%,0.19%,5.19%,"$63,203,115"
OMG Network,OMG,$0.4495,0.79%,2.37%,1.25%,"$63,035,200"
Radiant Capital,RDNT,$0.2109,0.47%,0.48%,5.84%,"$62,829,234"
StormX,STMX,$0.006236,0.20%,5.15%,27.97%,"$62,360,909"
Perpetual Protocol,PERP,$0.6033,0.36%,2.66%,48.43%,"$39,819,394"
Dero,DERO,$2.85,0.26%,0.69%,8.44%,"$39,578,998"
Ampleforth Governance Token,FORTH,$2.61,0.68%,1.56%,5.88%,"$39,491,649"
RSS3,RSS3,$0.08781,0.05%,0.82%,3.76%,"$39,401,151"
Creditcoin,CTC,$0.1487,0.17%,1.69%,2.88%,"$39,195,751"
Bella Protocol,BEL,$0.6011,0.73%,0.51%,7.69%,"$39,069,174"
Adventure Gold,AGLD,$0.5554,0.78%,3.76%,2.53%,"$38,973,658"
Tether EURt,EURt,$1.07,0.29%,0.42%,0.32%,"$38,933,985"
Forta,FORT,$0.1012,0.00%,8.07%,5.82%,"$38,866,182"
Concordium,CCD,$0.005684,0.52%,1.18%,11.21%,"$38,860,069"
MonaCoin,MONA,$0.4085,0.11%,0.07%,1.12%,"$26,853,593"
Petals,PTS,$0.001891,0.10%,7.61%,19.94%,"$26,707,474"
xMoney,UTK,$0.05291,0.19%,0.18%,4.65%,"$26,456,760"
Veritise,VTS,$0.1176,0.01%,0.22%,3.50%,"$26,356,455"
BitShares,BTS,$0.00879,0.15%,0.43%,4.42%,"$26,326,094"
NvirWorld,NVIR,$0.02483,0.16%,3.48%,22.83%,"$26,131,538"
Steem Dollars,SBD,$2.10,0.34%,0.55%,2.01%,"$26,096,934"
Phoenix,PHB,$0.5846,1.31%,4.70%,2.44%,"$25,989,840"
REI Network,REI,$0.0273,0.07%,5.31%,24.10%,"$25,932,440"
Kin,KIN,$0.000008805,0.25%,2.58%,0.81%,"$25,850,522"
Manchester City Fan Token,CITY,$2.93,0.15%,0.11%,0.83%,"$16,964,947"
CENNZnet,CENNZ,$0.01413,0.07%,7.53%,13.28%,"$16,959,229"
NEST Protocol,NEST,$0.005799,0.05%,0.66%,1.90%,"$16,884,246"
Solend,SLND,$0.4747,0.24%,4.76%,6.50%,"$16,881,732"
DeRace,DERC,$0.1553,0.09%,1.66%,0.89%,"$16,837,997"
BitMart Token,BMX,$0.09758,0.21%,0.68%,2.36%,"$16,808,105"
Stader,SD,$0.5942,0.20%,0.20%,3.99%,"$16,766,630"
DFI.Money,YFII,$430.70,0.79%,0.91%,5.23%,"$16,623,118"
Games for a Living,GFAL,$0.02317,1.45%,0.41%,6.35%,"$16,585,670"
MAP Protocol,MAP,$0.007457,0.02%,0.97%,3.18%,"$16,443,386"
AC Milan Fan Token,ACM,$1.87,0.17%,0.88%,1.20%,"$11,547,329"
Battle World,BWO,$0.0348,0.25%,4.94%,23.92%,"$11,461,613"
Minswap,MIN,$0.01621,0.81%,1.72%,2.24%,"$11,402,121"
Spheroid Universe,SPH,$0.005743,0.41%,0.45%,0.65%,"$11,384,285"
Drep [new],DREP,$0.2328,0.56%,0.00%,0.08%,"$11,345,172"
Stratos,STOS,$0.5619,0.19%,4.93%,11.48%,"$11,323,973"
Veloce,VEXT,$0.5289,0.12%,0.25%,8.30%,"$11,156,330"
Nash,NEX,$0.277,1.11%,2.38%,8.68%,"$11,134,908"
AIOZ Network,AIOZ,$0.01137,0.01%,0.59%,0.59%,"$11,107,647"
Nexa,NEXA,$0.000004928,0.56%,2.72%,7.30%,"$11,093,595"
SuperWalk,GRND,$0.1669,0.57%,2.95%,2.90%,"$7,874,233"
NewYork Exchange,NYE,$1.11,0.17%,10.93%,0.36%,"$7,865,128"
Scallop,SCLP,$0.1217,0.06%,3.07%,1.53%,"$7,860,852"
Unisocks,SOCKS,"$25,925.82",0.00%,0.83%,1.92%,"$7,829,598"
DeFi Kingdoms,JEWEL,$0.1082,0.42%,0.72%,13.02%,"$7,798,935"
Ooki Protocol,OOKI,$0.001707,0.67%,2.69%,9.75%,"$7,781,428"
Dimecoin,DIME,$0.00001623,0.22%,0.73%,0.60%,"$7,764,293"
Numbers Protocol,NUM,$0.0201,0.15%,3.85%,10.32%,"$7,688,936"
Observer,OBSR,$0.0013,0.10%,0.25%,13.27%,"$7,679,037"
NFTX,NFTX,$12.54,0.14%,0.69%,2.01%,"$7,606,112"
WeWay,WWY,$0.003783,0.12%,3.58%,8.32%,"$5,447,978"
Rainicorn,RAINI,$0.01081,0.04%,4.05%,14.55%,"$5,407,034"
PIBBLE,PIB,$0.0002583,0.12%,1.93%,6.77%,"$5,406,816"
OpenOcean,OOE,$0.01064,0.14%,1.03%,2.37%,"$5,369,474"
BioPassport Token,BIOT,$0.001158,0.11%,6.05%,0.19%,"$5,356,167"
Pintu Token,PTU,$0.2242,0.90%,3.53%,2.10%,"$5,238,565"
Pip,PIP,$0.04207,0.70%,10.60%,16.69%,"$5,201,220"
Arix,ARIX,$0.5245,0.19%,3.18%,8.71%,"$5,200,975"
Orbcity,ORB,$0.03518,0.01%,1.47%,7.63%,"$5,175,254"
GoChain,GO,$0.004175,0.30%,3.42%,7.79%,"$5,158,710"
Djed,DJED,$1.00,0.19%,1.99%,1.01%,"$3,296,593"
Xaya,CHI,$0.06136,0.19%,0.37%,1.19%,"$3,289,578"
Cashaa,CAS,$0.004009,0.14%,0.80%,2.44%,"$3,285,277"
Blocto Token,BLT,$0.01392,0.03%,0.21%,10.80%,"$3,275,381"
Govi,GOVI,$0.1475,0.83%,0.14%,0.24%,"$3,265,771"
OXBT,OXBT,$0.0163,1.97%,2.22%,18.99%,"$3,259,846"
PAWSWAP,PAW,$0.0...07562,0.07%,1.44%,0.79%,"$3,244,828"
Blocery,BLY,$0.004378,0.10%,0.71%,19.95%,"$3,241,876"
Ignis,IGNIS,$0.004248,0.14%,3.58%,6.02%,"$3,233,592"
ReapChain,REAP,$0.01046,0.15%,0.56%,15.01%,"$3,220,048"
Gameswap,GSWAP,$0.1949,0.17%,4.46%,6.96%,"$2,241,715"
Kylin,KYL,$0.008244,0.11%,0.34%,0.25%,"$2,227,887"
BOLT,BOLT,$0.002312,0.91%,1.49%,0.35%,"$2,213,728"
Bitgesell,BGL,$0.1367,0.01%,2.65%,17.50%,"$2,208,116"
PolkaBridge,PBR,$0.03101,0.58%,2.86%,15.28%,"$2,207,283"
King Shiba,KINGSHIB,$0.006305,1.24%,2.92%,5.25%,"$2,207,020"
Position Exchange,POSI,$0.02753,0.03%,3.39%,4.29%,"$2,203,611"
Umbrella Network,UMB,$0.00752,0.08%,1.70%,4.59%,"$2,203,044"
Fenerbahçe Token,FB,$1.01,0.05%,0.67%,3.64%,"$2,196,138"
Adappter Token,ADP,$0.001169,0.16%,0.27%,5.17%,"$2,192,337"
TitanSwap,TITAN,$0.01639,0.34%,0.31%,9.61%,"$1,517,844"
Omchain,OMC,$0.01623,0.95%,2.92%,1.30%,"$1,506,144"
Modefi,MOD,$0.09292,0.76%,5.28%,4.96%,"$1,493,903"
MurAll,PAINT,$0.000161,0.37%,2.47%,11.87%,"$1,490,698"
Strips Finance,STRP,$0.36,0.16%,0.69%,3.96%,"$1,485,386"
Green Ben,EBEN,$0.05291,0.19%,0.26%,8.23%,"$1,476,474"
Stobox Token,STBU,$0.01636,0.20%,5.59%,1.37%,"$1,470,147"
ZUSD,ZUSD,$0.9977,0.01%,0.01%,0.06%,"$1,468,898"
Decentral Games ICE,ICE,$0.004173,0.09%,0.68%,7.08%,"$1,468,544"
GAMEE,GMEE,$0.00353,0.38%,0.15%,0.75%,"$1,462,602"
DEEPSPACE,DPS,$0.01875,0.20%,0.51%,0.77%,"$991,742"
PAID Network,PAID,$0.01191,0.25%,0.23%,21.43%,"$989,179"
Neblio,NEBL,$0.04752,9.06%,9.46%,5.70%,"$986,738"
Acorn Protocol,ACN,$0.0002099,0.65%,8.27%,67.99%,"$982,895"
TrustVerse,TRV,$0.0009827,1.54%,1.53%,23.95%,"$982,718"
Triall,TRL,$0.02266,0.19%,0.76%,1.61%,"$978,227"
ADAMANT Messenger,ADM,$0.0107,5.31%,52.23%,59.60%,"$975,369"
Pleasure Coin,NSFW,$0.00003962,0.38%,2.18%,2.86%,"$970,755"
Vexanium,VEX,$0.00132,0.00%,0.61%,1.26%,"$968,286"
StrongHands,SHND,$0.00005194,0.17%,0.44%,1.12%,"$967,383"
NFT,NFT,$0.01831,0.00%,0.00%,0.00%,"$674,884"
Zelwin,ZLW,$0.009304,0.24%,0.32%,14.10%,"$672,968"
Clube Atlético Mineiro Fan Token,GALO,$0.3624,1.51%,0.60%,13.84%,"$671,515"
KOK,KOK,$0.006221,0.09%,2.05%,8.56%,"$667,767"
Nabox,NABOX,$0.000003173,0.20%,1.43%,11.00%,"$661,975"
BonusCloud,BXC,$0.0001943,0.16%,0.51%,1.17%,"$651,196"
Hakka.Finance,HAKKA,$0.001324,1.15%,12.86%,15.88%,"$647,515"
Internet of Energy Network,IOEN,$0.002036,0.00%,1.50%,5.89%,"$645,542"
Funex,FUNEX,$0.06981,0.14%,0.29%,0.34%,"$639,399"
NewYorkCoin,NYC,$0.000004442,0.17%,30.96%,16.79%,"$638,584"
ACENT,ACE,$0.002693,0.00%,0.49%,15.06%,"$433,212"
ONSTON,ONSTON,$0.001841,1.36%,6.39%,3.99%,"$432,276"
Goldcoin,GLC,$0.009787,4.44%,1.94%,7.57%,"$427,495"
Little Rabbit (V2),LTRBT,$0.0...01279,0.29%,1.79%,0.85%,"$427,442"
CloakCoin,CLOAK,$0.07098,0.02%,0.07%,11.47%,"$425,115"
Nafter,NAFT,$0.0004252,0.16%,1.14%,4.07%,"$424,193"
NIX,NIX,$0.008587,0.29%,0.80%,0.88%,"$422,816"
Bitcoin Plus,XBC,$1.97,1.29%,7.81%,10.83%,"$422,406"
88mph,MPH,$0.9055,0.70%,1.32%,0.15%,"$421,326"
AGA Token,AGA,$0.03838,0.05%,1.49%,0.18%,"$416,158"
RUSH COIN,RUSH,$0.0001715,0.00%,1.85%,0.78%,"$271,643"
PhoenixDAO,PHNX,$0.003267,0.19%,0.75%,3.15%,"$271,165"
CyberVein,CVT,$0.0002538,0.19%,2.08%,0.51%,"$269,162"
UCA Coin,UCA,$0.0001163,0.33%,3.87%,124.80%,"$268,514"
Royale Finance,ROYA,$0.004201,0.11%,2.51%,7.32%,"$267,428"
hiMAYC,HIMAYC,$0.008937,0.57%,6.94%,3.04%,"$267,414"
PowerTrade Fuel,PTF,$0.0114,0.17%,0.26%,7.27%,"$265,808"
Burency,BUY,$0.001369,0.00%,0.00%,11.75%,"$265,402"
hiPENGUINS,HIPENGUINS,$0.00619,0.10%,0.97%,2.89%,"$264,859"
Davis Cup Fan Token,DAVIS,$0.5787,0.92%,1.66%,2.38%,"$263,952"
Etherland,ELAND,$0.005836,0.23%,0.05%,16.67%,"$181,050"
Era Token (Era7),ERA,$0.003905,0.21%,0.50%,8.23%,"$179,697"
OneRare,ORARE,$0.02005,0.01%,0.35%,5.92%,"$179,675"
Flashstake,FLASH,$0.003043,0.41%,18.87%,72.43%,"$179,624"
DinoX,DNXC,$0.005279,0.02%,8.02%,6.69%,"$179,554"
ODIN PROTOCOL,ODIN,$0.01028,0.30%,7.12%,15.26%,"$179,552"
Inex Project,INEX,$0.00001623,0.22%,0.73%,0.59%,"$176,767"
HollyGold,HGOLD,$0.03751,0.02%,6.25%,25.06%,"$175,819"
renDOGE,RENDOGE,$0.0569,0.00%,0.00%,0.00%,"$175,467"
Sable Finance,SABLE,$0.03321,0.28%,2.12%,12.90%,"$171,963"
Deutsche eMark,DEM,$0.002115,0.33%,0.86%,48.91%,"$113,469"
EVRYNET,EVRY,$0.002801,0.00%,4.36%,6.83%,"$113,138"
AquariusCoin,ARCO,$0.02575,0.31%,0.58%,0.17%,"$113,099"
EarthFund,1EARTH,$0.001552,0.07%,1.90%,10.52%,"$112,897"
Ares Protocol,ARES,$0.0004881,0.71%,0.04%,1.94%,"$112,829"
Beyond Protocol,BP,$0.0006797,0.37%,15.95%,8.88%,"$112,196"
UREEQA,URQA,$0.004041,0.00%,0.06%,0.05%,"$111,930"
Blockzero Labs,XIO,$0.003055,0.19%,6.10%,4.90%,"$111,785"
Refinable,FINE,$0.002712,1.18%,0.06%,11.11%,"$111,371"
hiSAND33,HISAND33,$0.005261,0.94%,1.13%,0.33%,"$110,313"
Rapidz,RPZX,$0.00003278,0.33%,12.16%,7.10%,"$60,569"
Elemon,ELMON,$0.0006348,0.20%,3.26%,4.99%,"$59,847"
BEMIL Coin,BEM,$0.00005936,0.20%,0.40%,18.01%,"$59,356"
The Crypto Prophecies,TCP,$0.0005026,0.05%,0.18%,7.76%,"$58,685"
BidiPass,BDP,$0.0001493,0.25%,0.74%,0.61%,"$57,738"
AdaSwap,ASW,$0.000008902,3.26%,5.32%,9.13%,"$56,573"
Doki Doki Finance,DOKI,$1.10,0.00%,0.00%,0.00%,"$55,202"
GeoDB,GEO,$0.0006657,0.43%,7.39%,18.64%,"$55,012"
The Corgi of PolkaBridge,CORGIB,$0.0...01876,0.19%,5.00%,3.64%,"$54,357"
WOWswap,WOW,$0.05354,0.00%,0.00%,1.72%,"$53,543"
Spaceswap SHAKE,SHAKE,$36.10,0.24%,0.75%,1.12%,"$27,402"
Shard,SHARD,$0.001586,0.33%,0.86%,44.27%,"$27,123"
SORA Validator Token,VAL,$0.06603,0.19%,22.30%,26.52%,"$26,941"
Mind Music,MND,$0.0...05401,33.33%,30.77%,42.18%,"$26,907"
Polis,POLIS,$0.002696,0.33%,44.81%,6.95%,"$26,511"
Signature Chain,SIGN,$0.00003443,0.00%,0.00%,0.00%,"$26,363"
Knit Finance,KFT,$0.005347,1.06%,14.34%,2.23%,"$26,201"
ZumCoin,ZUM,$0.00002644,0.33%,0.86%,74.46%,"$26,140"
Rune,RUNE,$1.86,1.53%,4.08%,9.71%,"$25,113"
Kawaii Islands,KWT,$0.0008295,0.20%,0.01%,3.66%,"$24,886"
NestEGG Coin,EGG,$0.00005285,0.26%,0.94%,2.11%,"$2,238"
Kcash,KCASH,$0.000005002,0.01%,0.01%,0.05%,"$2,228"
LiteCoin Ultra,LTCU,$0.002114,0.26%,0.94%,2.11%,"$2,180"
Mate,MATE,$0.0006689,6.13%,8.54%,4.22%,"$1,806"
Defis,XGM,$0.00001321,0.26%,0.94%,2.11%,"$1,778"
Waterfall DeFi,WTF,$0.0004121,0.00%,0.00%,0.00%,"$1,623"
Connectome,CNTM,$0.0007665,4.20%,1.59%,26.63%,$928
Crystal Token,CYL,$0.001477,0.90%,4.97%,0.44%,$833
Cubiex Power,CBIX-P,$0.004229,0.02%,0.22%,0.39%,$713
ASKO,ASKO,$0.000004787,0.19%,0.79%,0.66%,$639
HarryPotterObamaWallStreetBets10Inu,STONKS,$0.005765,0.11%,1.18%,22.62%,missing
Areon Network,AREA,$0.2519,1.72%,4.76%,31.11%,"$17,189,546"
Wrapped Ronin,WRON,$0.4907,0.16%,0.52%,4.25%,missing
Trillioner,TLC,$27.73,0.00%,1.22%,0.83%,"$2,773,141,217"
Massive Protocol,MAV,$0.2111,0.57%,0.24%,8.42%,"$11,419,923"
Hollywood Capital Group WARRIOR,WOR,$1.16,0.00%,29.23%,33.05%,missing
Maya Preferred,MAYP,"$403,144.54",0.34%,0.02%,15.13%,missing
Shimmer,SMR,$0.04259,6.79%,27.50%,40.93%,"$61,790,903"
Galactic Quadrant,GQ,$0.00198,0.05%,1.73%,0.54%,"$8,564,416"
spurdo,SPURDO,$0.0...01701,4.73%,0.19%,14.85%,missing
CherrySwap,CHE,$0.02186,0.02%,0.07%,6.22%,"$2,418,060"
ECOMI,OMI,$0.000843,0.21%,0.67%,8.20%,"$222,882,524"
TOOLY I Am King,DOGE,$0.06236,0.23%,0.30%,1.77%,"$26,215,989"
FairERC20,ferc,$0.09919,1.74%,1.55%,19.12%,"$991,874"
Parex,PRX,$0.2176,0.12%,0.26%,8.78%,"$828,615"
Unidef,U,$0.00009702,0.20%,0.58%,3.31%,"$16,712,298"
HyperGPT,HGPT,$0.009457,0.04%,1.87%,13.05%,missing
ISLAMICOIN,ISLAMI,$0.0007685,3.52%,4.14%,5.01%,"$2,358,925"
IL CAPO OF CRYPTO,CAPO,$0.001076,0.19%,1.37%,13.05%,"$969,401"
Virtual Versions,VV,$0.01197,0.11%,8.66%,68.98%,"$11,966,255"
FoodChain Global,FOOD,$0.1715,0.01%,2.17%,0.81%,missing
CrossFi,XFI,$1.22,0.17%,1.85%,1.04%,"$4,434,151"
Nova,NOVA,$0.0...00679,0.19%,1.57%,2.86%,"$679,018"
Koyo,KOY,$0.005264,0.23%,2.31%,13.72%,"$2,368,725"
Meta Merge,MMM,$0.002184,3.07%,0.21%,10.42%,"$436,755"
Paladeum,PLB,$1.13,0.10%,0.01%,1.43%,missing
Temtum,TEM,$0.1778,0.21%,0.97%,3.62%,"$46,401,177"
Dotori,DTR,$0.9194,0.31%,0.32%,3.14%,missing
ETHDOWN,ETHDOWN,$0.2649,0.47%,1.80%,1.56%,missing
Medieval Empires,MEE,$0.003769,0.00%,0.92%,5.58%,"$1,181,571"
Palmswap,PALM,$0.009081,0.15%,0.02%,43.34%,"$766,085"
SPACE-iZ,SPIZ,$0.0005918,3.52%,4.00%,54.79%,"$70,134"
APF coin,APFC,$0.1715,0.06%,1.60%,0.07%,missing
Monetha,MTH,$0.003018,11.72%,4.20%,14.09%,missing
Qlindo,QLINDO,$0.01281,0.24%,0.50%,22.52%,"$20,142,856"
Starfish Finance,SEAN,$0.002406,0.15%,0.22%,0.56%,"$267,157"
GUISE,GUISE,$0.1377,0.21%,7.74%,11.81%,missing
Avalaunch,XAVA,$0.1667,0.16%,2.55%,1.93%,"$2,423,825"
Karat,KAT,$0.01184,0.08%,8.09%,28.36%,"$23,671"
Stader MaticX,MATICX,$0.5614,0.42%,0.94%,3.74%,"$7,737,710"
Kujira,KUJI,$0.6263,0.02%,3.62%,0.95%,"$68,202,986"
AzukiDAO,BEAN,$0.001,0.20%,0.06%,1.21%,"$1,000,210"
Fileshare Platform,FSC,$2.07,1.19%,0.14%,1.86%,missing
MBD Financials,MBD,$0.00003396,0.00%,2.16%,3.44%,"$144,044"
DAM Finance,D2O,$4.34,0.01%,0.62%,14.86%,missing
Witnet,WIT,$0.006713,0.03%,1.09%,0.91%,"$5,384,225"
Lucky Coin,LKC,$0.0...03294,1.65%,9.29%,280.60%,$651
VEROX,VRX,$16.09,0.17%,6.91%,10.11%,missing
Credefi,CREDI,$0.002394,0.20%,5.55%,12.33%,missing
MEMEME,MEMEME,$0.000002836,0.17%,0.19%,1.86%,"$189,031"
A4 Finance,A4,$0.007368,2.43%,39.60%,65.50%,missing
Mars Token,MRST,$0.002959,0.02%,3.67%,0.96%,"$868,030"
NetZero,NZERO,$0.003597,0.63%,8.20%,36.80%,missing
Treecle,TRCL,$0.003204,0.74%,39.43%,93.59%,"$3,139,216"
DOGGO,DOGGO,$0.0...08899,1.62%,1.63%,27.95%,"$8,899"
Distributed Autonomous Organization,DAO,$0.2716,0.34%,4.36%,36.08%,"$27,161,518"
Alcazar,LEO,$0.0008768,0.33%,1.15%,23.29%,"$511,195"
bitCNY,BITCNY,$0.138,1.73%,0.93%,0.83%,missing
BaseSwap,BSWAP,$1.04,0.31%,21.19%,0.49%,"$262,079"
StarkMeta,SMETA,$0.3037,1.40%,2.01%,17.19%,missing
USP Token,USP,$0.7293,0.01%,0.49%,0.28%,"$5,798,187"
DEUS Finance,DEUS,$28.89,1.02%,6.23%,17.93%,missing
Wistaverse,WISTA,$0.005296,0.12%,1.07%,9.03%,"$124,555"
Plxyer,PLXY,$0.02089,0.33%,0.15%,0.19%,missing
Catena,CMCX,$0.0001617,0.02%,0.10%,13.38%,"$970,325"
Rubix,RBT,$58.54,0.38%,0.01%,2.18%,missing
VLaunch,VPAD,$0.02635,0.53%,1.52%,3.16%,"$7,465,259"
MaziMatic,MAZI,$0.001917,0.61%,2.28%,10.53%,missing
Empyreal Exchange,EMP,$22.73,2.30%,12.59%,1.76%,"$6,819,912"
Cannaland Token,CNLT,$0.232,0.65%,3.02%,0.62%,"$2,436,464"
DGEN,DGEN,$0.008692,0.42%,23.94%,13.86%,"$2,140,103"
Arbitrove Protocol,TROVE,$0.01543,0.27%,0.75%,2.07%,"$4,629,082"
FaceDAO,FACEDAO,$0.0...01104,6.79%,5.70%,9.08%,"$30,885"
Clinq.Gold Token,CGT,$62.16,0.13%,0.46%,3.62%,missing
Oceanland,OLAND,$0.003154,0.01%,2.42%,5.99%,"$182,925"
TRAC,TRAC,$0.222,0.24%,0.88%,8.20%,"$4,661,140"
LynKey,LYNK,$0.000229,0.00%,0.44%,2.91%,"$114,522"
Curve.fi FRAX/USDC,CRVFRAX,$1.00,0.84%,0.58%,0.44%,missing
VIXCO,VIX,$0.005732,3.23%,4.89%,6.59%,missing
Mineral,MNR,$0.0002826,0.41%,6.79%,8.07%,"$2,037,586"
BNBUP,BNBUP,$21.39,0.33%,0.42%,0.22%,missing
Metastrike,MTS,$0.003078,0.00%,2.41%,0.84%,"$66,906"
ZILLION AAKAR XO,ZILLIONXO,$0.09762,0.20%,12.77%,34.54%,"$541,335"
VINU Network,VNN,$0.05801,0.03%,1.19%,12.09%,"$110,513"
Navcoin,NAV,$0.04569,1.17%,0.37%,8.42%,missing
MEFLEX,MEF,$1.30,0.24%,1.98%,14.22%,missing
Decentralized USD(Defichain),DUSD,$0.2493,0.00%,0.35%,1.08%,missing
Thunder Brawl,THB,$0.0001329,0.60%,3.90%,2.30%,"$24,060"
Calvaria: Duels of Eternity,RIA,$0.001757,4.28%,0.78%,4.45%,missing
CryptoArt.Ai,CART,$0.00394,3.27%,7.88%,7.07%,"$49,247"
Mobipad,MBP,$0.009966,0.89%,4.20%,12.75%,missing
Pancake Games,GCAKE,$0.0...01924,0.20%,9.52%,18.16%,"$180,088"
Million,MM,$1.53,0.30%,16.36%,10.57%,"$1,527,119"
CryptoAI,CAI,$0.005724,0.19%,0.57%,0.73%,"$572,360"
MOOI Network,MOOI,$0.06727,0.24%,2.71%,3.14%,"$972,705"
Love,LOVE,$0.0006124,0.18%,8.57%,45.80%,missing
Profit Blue,BLUE,$0.0000095,0.38%,8.57%,4.85%,"$94,990"
Battle Infinity,IBAT,$0.001104,0.20%,0.60%,19.56%,"$3,502,940"
X2Y2,X2Y2,$0.0107,0.25%,0.29%,10.68%,"$1,902,101"
KENKA METAVERSE,KENKA,$0.000001049,0.21%,7.22%,6.65%,"$48,772"
AI CODE,AICODE,$1.09,0.22%,0.65%,5.48%,"$1,115,639"
Proteo DeFi,PROTEO,$0.1958,0.20%,0.29%,7.55%,"$557,774"
Ignore Fud,4TOKEN,$0.00005287,0.36%,16.85%,19.07%,"$1,188,385"
BlockchainSpace,GUILD,$0.002954,0.02%,0.50%,2.31%,"$80,615"
Konnect,KCT,$0.01845,0.92%,3.06%,108.30%,missing
EVE Token,EVE,$0.007044,0.32%,7.87%,42.71%,"$278,251"
KittyCake,KCAKE,$0.0...06064,0.01%,0.02%,1.65%,"$60,640"
Janex,JNX,$0.7392,7.25%,2.80%,0.35%,"$739,214,741"
MoonBot,MBOT,$3.21,3.31%,3.76%,20.25%,"$3,209,495"
VitaDAO,VITA,$1.81,0.20%,2.60%,1.85%,"$16,362,296"
AladdinDAO,ALD,$0.03106,13.36%,12.79%,7.37%,"$2,196,793"
The APIS,API,$0.0006067,0.56%,20.07%,31.18%,missing
Alfprotocol,ALF,$0.00003864,2.34%,2.08%,37.80%,$19
Virtual Trade Token,VTT,$0.01702,0.16%,1.16%,1.14%,missing
Animal Farm Pigs,AFP,$13.44,0.85%,3.94%,13.56%,"$185,906"
Block Browser,BLOCK,$0.8257,0.87%,18.71%,20.13%,missing
Bandot Protocol,BDT,$0.00003712,3.80%,18.49%,15.98%,missing
BITOPEX,BPX,$0.001169,0.18%,3.58%,10.77%,missing
DeHeroGame Amazing Token,AMG,$0.06199,0.02%,0.93%,4.20%,missing
Tr3zor,TR3,$0.002115,0.35%,0.61%,12.77%,"$735,866"
Doge KaKi,KAKI,$0.0...03862,0.00%,2.19%,5.51%,missing
CryptoFranc,XCHF,$1.11,0.00%,0.65%,0.47%,"$7,887,807"
ParallelChain,XPLL,$0.1014,0.25%,5.35%,9.49%,"$1,495,853"
Joltify,JOLT,$0.08152,0.00%,14.75%,2.57%,missing
Irena Coin Apps,IRENA,$0.00001108,0.20%,4.62%,10.07%,missing
MultiFunctional Environmental Token,MFET,$0.001001,0.14%,2.82%,27.73%,"$3,041,451"
MUU,MUU,$0.000000142,9.34%,686.83%,625.84%,missing
Alium Finance,ALM,$0.003202,0.20%,1.01%,0.15%,"$704,461"
WELD,WELD,$0.003958,0.20%,3.69%,5.93%,"$308,540"
GMD Protocol,GMD,$31.23,0.25%,3.54%,12.32%,missing
BEETroot,BEET,$0.000109,1.12%,0.92%,7.76%,"$775,836"
Naka Bodhi Token,NBOT,$0.004329,0.89%,2.85%,6.71%,missing
PLC Ultima,PLCU,$173.96,0.00%,11.58%,9.23%,missing
AICORE,AICORE,$1.45,0.23%,7.98%,16.51%,missing
Pomerium,PMG,$0.1265,0.20%,3.11%,9.06%,"$3,907,081"
Streakk Chain,STKC,$4.63,0.85%,5.38%,28.31%,"$46,300,874"
SHILLD,SHILLD,$0.03595,0.94%,20.96%,14.11%,missing
Trice,TRI,$0.4001,0.00%,4.76%,6.92%,missing
Sphere,SXS,$0.03454,0.80%,10.57%,31.82%,"$237,444"
Trans Pepe,TRANS,$0.0...01043,0.85%,3.42%,17.02%,"$10,433"
Solice,SLC,$0.0008143,0.56%,0.05%,14.48%,"$35,176"
ZoidPay,ZPAY,$0.01225,2.14%,2.94%,6.18%,"$3,994,235"
CargoX,CXO,$0.1855,0.14%,4.18%,7.39%,"$38,499,746"
BunnyPark,BP,$0.002631,0.19%,9.40%,2.87%,missing
FAVOR,FAVR,$0.02263,1.56%,0.24%,6.37%,"$1,149,919"
Game.com,GTC,$0.0004313,3.57%,1.51%,4.44%,missing
Privapp Network,bPRIVA,$0.4059,1.15%,8.39%,34.31%,"$1,014,713"
CeBioLabs,CBSL,$0.04824,0.05%,0.42%,0.56%,missing
Baby Tiger King,BABYTK,$0.0...04101,2.38%,4.65%,2.33%,missing
ReSource Protocol,SOURCE,$0.01242,0.06%,0.53%,42.95%,"$62,911"
CircleSwap,CIR,$0.05187,0.45%,2.31%,11.30%,missing
Stader sFTMX,SFTMX,$0.2112,1.02%,0.37%,2.46%,"$3,042,319"
IHT Real Estate Protocol,IHT,$0.0001007,1.47%,0.44%,7.31%,missing
EHash,EHASH,$0.01585,0.80%,2.74%,12.79%,missing
Mythos,MYTH,$0.2482,0.06%,2.19%,15.45%,missing
Bitcoin File,BIFI,$0.0003651,0.50%,2.25%,3.16%,missing
Open Platform,OPEN,$0.0001719,1.11%,0.57%,2.03%,missing
Blind Boxes,BLES,$0.002188,0.45%,1.01%,1.05%,missing
NFTMart Token,NMT,$0.002381,1.21%,5.10%,4.78%,missing
Angle,ANGLE,$0.03019,0.04%,1.32%,0.88%,"$399,653"
The Big Five Token,BFT,$0.00008615,1.02%,12.09%,41.95%,"$7,924,459"
ESG,ESG,$0.3311,0.09%,1.75%,4.56%,missing
xWIN Finance,XWIN,$0.1276,0.02%,0.67%,8.68%,"$1,174,570"
Savage,SAVG,$0.002987,0.60%,2.65%,7.66%,"$164,770"
FLOKI CEO,FLOKICEO,$0.0...00329,0.25%,0.36%,1.97%,"$1,381,875"
Animal Farm Dogs,AFD,$2.73,0.35%,0.92%,5.55%,"$4,753,542"
ProBit Token,PROB,$0.07165,0.19%,1.34%,8.62%,"$3,152,223"
Black Token,BLACK,$0.0001297,0.20%,0.32%,1.43%,"$129,729"
X7R,X7R,$0.02837,0.17%,2.58%,39.50%,missing
Hive Dollar,HBD,$0.9977,0.33%,1.73%,0.69%,missing
LIQ Protocol,LIQ,$0.0008757,1.62%,1.75%,3.75%,missing
SalmonSwap,SAL,$0.7308,0.05%,0.39%,3.44%,missing
Hydraverse,HDV,$0.0002166,0.29%,1.69%,1.52%,"$4,811"
BnkToTheFuture,BFT,$0.00147,0.51%,5.10%,17.22%,missing
Creator Platform,CTR,$0.0006533,0.15%,1.42%,0.83%,"$28,418"
Furio,$FUR,$0.03213,0.06%,1.24%,6.40%,"$7,041"
Astroport Classic,ASTROC,$0.001423,1.07%,1.53%,6.33%,"$156,550"
URUS,URS,$0.0007892,0.11%,0.39%,9.89%,"$213,880"
Carrot,CRT,$0.07601,0.28%,3.54%,2.06%,missing
SINSO,SINSO,$0.2112,4.89%,3.95%,39.51%,"$2,333"
Waggle Network,WAG,$0.0005566,0.82%,2.29%,18.93%,"$46,196"
Paralink Network,PARA,$0.0007081,0.01%,0.97%,5.16%,"$233,863"
SAUCEINU,SAUCEINU,$0.000002023,3.22%,4.03%,57.53%,"$193,151"
Aldrin,RIN,$0.05497,0.00%,3.23%,3.01%,missing
DeltaFi,DELFI,$0.000395,1.14%,0.45%,1.48%,missing
DataHighway,DHX,$0.4917,0.09%,2.25%,15.19%,"$15,886,185"
Hashtagger.com,MOOO,$0.04122,0.17%,3.25%,36.33%,"$81,875"
GooseFX,GOFX,$0.002029,0.01%,3.39%,59.16%,missing
Metan Evolutions,METAN,$0.003781,0.78%,8.03%,15.62%,"$10,835"
Scaleton,SCALE,$0.6215,1.48%,7.27%,15.10%,"$1,685,052"
ZURRENCY,ZURR,$2.13,4.20%,6.25%,2.34%,missing
Jones GLP,JGLP,$1.04,0.03%,1.63%,1.22%,missing
ZkTsunami,:ZKT:,$0.3444,2.70%,8.97%,24.21%,"$1,721,884"
Oobit,OBT,$0.06623,0.03%,0.73%,4.69%,"$2,658,921"
Tangible,TNGBL,$8.61,0.00%,0.24%,8.24%,"$280,071,229"
D Community,DILI,$0.00001452,0.58%,2.80%,11.02%,missing
NEXTYPE,NT,$0.0002314,0.00%,2.52%,1.46%,missing
Blueshift,BLUES,$0.03011,0.81%,2.27%,7.28%,"$75,122"
Lox Network,LOX,$0.0001221,0.02%,0.71%,7.11%,missing
Mars Protocol,MARS,$0.0525,0.20%,1.95%,28.36%,"$4,588,184"
A2DAO,ATD,$0.032,0.02%,3.58%,23.04%,missing
Silver,KAG,$23.14,0.18%,1.89%,0.56%,"$78,788,680"
Tectonic,TONIC,$0.0...01236,0.09%,0.05%,3.43%,"$27,803,412"
Cindrum,CIND,$0.0006386,0.05%,9.17%,6.27%,"$19,072"
Marscoin,MARS,$0.05527,1.66%,2.82%,8.49%,"$2,087,816"
StealthPad,STEALTH,$0.0001074,0.71%,31.73%,57.00%,missing
uShark,USHA,$0.0002446,1.50%,11.37%,3.00%,"$139,901"
Canadian Inuit Dog(NEW),CADINU,$0.000000485,0.18%,0.45%,1.98%,"$99,237"
Atlas DEX,ATS,$0.00127,0.02%,1.03%,7.15%,"$13,768"
Gold,KAU,$61.77,0.08%,0.22%,0.01%,"$78,595,646"
Knoknok,KKC,$0.0002553,0.02%,13.42%,21.70%,"$25,530"
OHMS,OHMS,$0.002656,0.26%,0.49%,15.32%,"$108,878"
MIR COIN,MIR,$0.001851,0.33%,7.40%,2.18%,missing
Coritiba F.C. Fan Token,CRTB,$0.02159,1.52%,8.54%,0.04%,"$30,635"
Genesis Universe,GUT,$0.06523,0.01%,0.79%,5.75%,missing
CasinoCoin,CSC,$0.000119,0.52%,4.34%,7.75%,"$4,911,925"
SpacePi,SPACEPI,$0.0...08751,0.24%,1.56%,2.72%,"$1,750,148"
EZZY GAME GEZY,GEZY,$0.003802,0.11%,5.41%,27.22%,missing
HNB Protocol,HNB,$0.007254,1.13%,2.96%,3.44%,"$725,352"
Moola Celo USD,mCUSD,$1.01,0.31%,0.13%,0.72%,"$19,732,129"
LFGSwap Finance(CORE),LFG,$0.0009749,0.40%,12.28%,25.38%,missing
Wrapped Near,WNEAR,$1.11,0.04%,0.10%,2.85%,missing
Nomad Exiles,PRIDE,$0.001257,0.04%,0.13%,2.20%,"$10,056"
DODbase,DODB,$0.0001216,0.20%,31.42%,32.50%,"$243,244"
Bee Token,BGC,$0.0005041,0.00%,0.00%,0.06%,"$44,256"
Ocavu Network Token,OCAVU,$0.0004245,0.01%,22.26%,23.23%,"$56,606"
Lucky Block (V1),LBLOCK,$0.00002362,0.21%,0.46%,1.37%,"$962,984"
Ditto Staked Aptos,stAPT,$5.26,0.10%,0.94%,6.33%,missing
BNBTiger,BNBTIGER,<$0.0…00001,0.27%,4.29%,14.63%,"$2,749,000"
Biometric Financial,BIOFI,$0.0002982,0.10%,0.31%,6.85%,"$180,141"
Base Velocimeter,BVM,$0.1792,0.11%,5.08%,29.39%,missing
Adanaspor Fan Token,ADANA,$0.002972,2.36%,3.20%,19.53%,"$48,921"
Wrapped OKT,WOKT,$13.15,0.67%,1.44%,1.09%,missing
bitcastle,CASTLE,$0.0002931,0.66%,1.92%,5.49%,"$4,402,310"
Bastion Protocol,BSTN,$0.0001495,1.62%,9.96%,6.32%,"$97,144"
PUG AI,PUGAI,$0.0...03368,3.90%,1.74%,7.96%,"$3,368"
MeconCash,MCH,$0.01601,0.02%,2.62%,7.43%,"$4,736,992"
Alchemy,ACOIN,$0.01118,0.06%,2.83%,9.41%,"$678,387"
Add Finance,ADD,$0.003733,0.00%,11.31%,41.66%,"$182,928"
MyOwnItem,MOI,$0.00115,1.73%,8.49%,15.05%,"$51,904"
Jaypeggers,JAY,$3.27,0.22%,0.83%,0.52%,"$1,625,347"
ScarQuest,SCAR,$0.0008189,0.09%,0.40%,0.99%,"$1,352,720"
KLEVA Protocol,KLEVA,$0.03568,2.81%,4.01%,7.35%,missing
Chibi Dinos,HOOP,$0.0001994,0.00%,2.08%,9.74%,missing
Perproject,PER,$0.02126,0.07%,0.03%,11.85%,"$4,567,597"
Metatoken,MTK,$0.0008791,0.13%,0.80%,33.18%,"$1,717"
Antalyaspor Token,AKREP,$0.3784,0.59%,2.97%,30.92%,missing
No one,NOONE,$0.000000585,0.21%,11.32%,24.17%,missing
AIENGLISH,AIEN,$0.0...02316,0.23%,0.40%,2.23%,"$115,802"
Leancoin,LEAN,$0.0003761,1.07%,0.53%,4.78%,"$1,162,696"
Cryptolic,CPTLC,$0.0...02821,1.78%,18.78%,19.58%,"$179,904"
Hector Network,HEC,$0.2768,1.08%,43.77%,68.15%,"$991,252"
Ordinal Pepe,OPEPE,$0.0...03181,0.00%,4.83%,5.07%,"$318,067"
CrossWallet,CWT,$0.006914,0.20%,0.32%,2.42%,"$345,688"
Style,STYLE,$0.01971,1.66%,1.29%,7.95%,missing
Hachi,HACHI,$0.0...05526,0.17%,6.56%,10.99%,"$469,674"
Rubidium,RBD,$0.03635,0.00%,12.86%,3.66%,"$1,691,050"
Dragon Soul Token,DST,$0.002984,1.07%,2.23%,31.98%,"$6,668"
CCGDS,CCGDS,$0.1065,0.01%,3.29%,13.62%,"$15,976,361"
Lucky Dime,LDIME,$0.0...02612,0.17%,17.14%,46.87%,"$252,181"
CORE ID,CID,$0.00241,0.44%,15.90%,29.16%,"$120,508"
Wally Bot,WALLY,$0.1081,4.12%,20.42%,20.16%,"$108,061"
G999,G999,$0.006248,8.82%,10.82%,28.01%,missing
Digimon Rabbit,DRB,$0.0...00243,3.33%,2.61%,10.35%,"$1,020,573"
Honor World Token,HWT,$0.01049,0.25%,8.63%,12.02%,missing
Kylacoin,KCN,$169.38,0.00%,13.31%,27.39%,"$614,757"
NOOT,$NOOT,$0.0...08586,0.67%,1.22%,5.55%,"$314,996"
WX Token,WX,$0.01602,0.73%,1.71%,18.23%,missing
ONINO,ONI,$0.09204,0.22%,0.62%,4.63%,"$3,029,256"
Quantfury Token,QTF,$6.70,0.16%,0.28%,0.12%,"$67,045,765"
HeroBook,HBG,$0.00106,0.20%,9.00%,9.82%,missing
Cairo Finance,CAF,$0.01824,0.20%,3.81%,6.36%,missing
PornVerse,PVERSE,$0.0003063,0.12%,0.02%,1.12%,"$153,134"
TruthGPT (ETH),$TRUTH,$0.0007393,0.21%,4.46%,27.64%,"$739,338"
Farmers World Wood,FWW,$0.0...06499,0.02%,4.30%,5.78%,missing
MonoX Protocol,MONO,$0.0148,0.02%,12.97%,2.12%,"$115,457"
Another World,AWM,$0.01757,0.05%,0.02%,8.47%,missing
Comdex,CMDX,$0.0181,0.12%,2.13%,2.75%,"$2,240,751"
Goledo Finance,GOL,$0.01236,0.22%,1.93%,0.15%,missing
FRZ Solar System Coin,FRZSSCOIN,$0.0002868,3.37%,12.86%,3.76%,"$794,767"
OrjinVR,ORJVR,$0.0...02301,0.00%,0.00%,13.97%,missing
iCommunity Labs,ICOM,$0.008869,0.11%,6.99%,7.09%,"$753,848"
MuzzleToken,MUZZ,$0.00001841,0.19%,13.95%,4.58%,missing
TryHards,TRY,$0.002112,0.12%,352.37%,350.32%,"$304,508"
BlackPool,BPT,$0.2033,0.19%,0.78%,7.74%,"$220,951"
Heroes of NFT,HON,$0.005227,0.13%,1.90%,11.76%,missing
Dexbet,DXB,$0.03992,0.19%,1.63%,7.28%,"$1,345,020"
Nothing Token,THING,$0.0...01676,0.19%,1.36%,4.08%,missing
Sketch Coin,SKET,$0.0009182,0.00%,6.13%,9.60%,"$4,058,829"
Tradix,TX,$0.003888,0.04%,4.11%,49.87%,"$388,849"
WASSIE,WASSIE,$0.0...02866,0.19%,4.75%,5.01%,missing
Viblos,VIBLO,$0.000145,0.70%,0.00%,0.75%,missing
OneDex,ONE,$0.06624,0.23%,0.75%,3.07%,missing
T-mac DAO,TMG,$18.22,0.00%,3.49%,12.19%,"$18,220,874,602"
DEXART,DXA,$0.0009055,2.05%,2.10%,11.04%,"$5,138"
kendoll janner,KEN,$0.0...02747,0.19%,0.81%,13.61%,missing
Poison Finance,POI$ON,$0.07439,0.00%,0.34%,4.87%,missing
BNS Token,BNS,$0.0002057,15.50%,13.91%,9.48%,"$11,695"
PulseMoonR,MOONR,$0.0002505,5.23%,49.85%,30.95%,"$48,088"
Eggs,EGGS,$0.0...05825,0.19%,1.40%,35.96%,missing
OSL AI,OSL,<$0.0…00001,0.00%,0.00%,0.00%,missing
X7DAO,X7DAO,$0.01311,0.21%,0.56%,13.40%,missing
Meme Network,MEME,$0.000004297,3.44%,2.91%,11.25%,"$14,321"
Nucleon,NUT,$8.89,0.27%,1.12%,7.93%,"$852,623"
VELOREX,VEX,$0.002209,0.20%,0.45%,3.50%,"$883,190"
Combustion,FIRE,$0.00009435,0.21%,5.23%,19.24%,missing
PinHub,PUB,$0.001921,1.30%,12.16%,41.12%,"$1,920,868"
Dexalot,ALOT,$0.2831,0.65%,0.44%,11.67%,missing
Lambda Markets,LMDA,$0.01672,0.12%,0.48%,1.52%,"$1,579,079"
Dog Collar,COLLAR,$0.0...05703,0.21%,1.82%,1.11%,"$570,335"
Good Dog,HEEL,$0.2603,0.19%,3.32%,20.75%,missing
HALO network,HO,$0.07617,0.00%,1.76%,11.84%,"$76,855"
inheritance Art,IAI,$0.3217,0.01%,3.98%,0.80%,"$1,608,429"
Gemlink,GLINK,$0.005664,4.45%,1.78%,35.56%,"$426,316"
Invesco QQQ Trust Defichain,DQQQ,$86.26,0.04%,1.38%,5.58%,missing
Ryoshi Token,RYOSHI,$0.0...02868,0.22%,3.65%,38.36%,"$95,505"
MM Optimizer (Cronos),MMO,$0.07511,0.59%,1.21%,3.09%,"$81,575"
Birake,BIR,$0.003685,0.33%,2.76%,1.73%,"$763,171"
Reddit,REDDIT,$0.000773,0.19%,4.05%,8.95%,"$45,354"
Compendium,CMFI,$0.00118,0.66%,11.23%,13.28%,"$140,032"
AlphaDEX,ROAR,$0.03801,2.20%,94.25%,85.80%,"$2,072,003"
YuzuSwap,YUZU,$0.002076,0.10%,1.29%,1.80%,"$534,412"
Realital Metaverse,RETA,$0.05686,0.00%,1.46%,7.77%,"$415,056"
MADworld,UMAD,$0.000609,0.17%,2.37%,0.09%,"$1,315,102"
Cub Finance,CUB,$0.008763,0.05%,0.04%,1.00%,missing
Sakaryaspor Token,SKRY,$0.1927,0.00%,2.65%,7.27%,missing
Yield Finance,YIELDX,$0.02221,0.01%,8.51%,30.12%,missing
Angry Bulls Club,ABC,$0.006136,0.17%,52.22%,25.24%,"$70,678"
Catvills Coin,CATVILLS,$0.0...02681,0.17%,48.45%,16.70%,"$13,407"
Axioma Token,AXT,$3.24,0.20%,0.44%,10.05%,"$45,324"
CRI3X,CRI3X,$0.001009,0.43%,1.89%,2.38%,"$857,992"
Demeter,DEO,$0.03529,5.41%,9.49%,9.09%,"$104,782"
Beauty Bakery Linked Operation Transaction Technology,LOTT,$0.014,0.01%,0.70%,5.07%,missing
Leve Invest,LEVE,$0.0009,0.88%,3.86%,4.03%,missing
Spoody Man,SPOODY,$0.000003016,0.20%,3.67%,7.38%,"$2,464"
Baby Oggy,$BOGGY,$0.0001581,0.20%,26.63%,19.81%,missing
KIKO,KIKO,$0.0...01215,2.52%,3.20%,15.93%,missing
Moonlana,MOLA,$0.00001943,0.10%,12.56%,8.67%,missing
AstridDAO Token,ATID,$0.0009812,0.00%,1.76%,11.57%,"$36,095"
PepeMo,PEPEMO,$0.0...05141,0.20%,13.76%,6.25%,"$21,629"
Granary,GRAIN,$0.008604,0.75%,5.57%,10.93%,"$1,264,434"
Print The Pepe,PP,$0.0003406,0.21%,6.16%,4.76%,"$23,736"
WorldCoin WDC,WDC,$0.0114,0.02%,15.15%,6.59%,"$1,601,712"
One Basis,OBS,$0.1332,0.14%,1.75%,59.61%,missing
OSK DAO,OSK-DAO,$0.0806,0.00%,2.71%,2.41%,"$151,596"
Dragon Crypto Aurum,DCAU,$3.91,0.05%,0.30%,4.36%,"$603,196"
GaStream,GSTRM,$0.00005919,0.12%,0.84%,10.68%,"$668,860"
NFTEarthOFT,NFTE,$0.0003482,0.23%,0.45%,13.48%,"$34,821"
JEFE TOKEN,JEFE,$0.0...05366,1.23%,1.01%,2.40%,missing
Rage On Wheels,ROW,$0.03407,0.33%,0.24%,5.89%,"$169,141"
zkLaunchpad,ZKPAD,$0.001901,0.16%,0.53%,3.19%,missing
GINZA NETWORK,GINZA,$0.004912,0.13%,1.61%,5.60%,"$80,403"
NIX,NIX,$0.0008247,0.01%,0.73%,12.00%,missing
Maxi protocol,MAXI,$0.01428,0.98%,18.19%,34.30%,"$13,562"
Sui Launch Token,SLT,$0.000957,0.04%,1.01%,14.69%,"$4,785"
FUTURECOIN,FUTURE,$0.1079,0.01%,12.53%,9.49%,missing
VIRAL,VIRAL,$0.0...01376,0.20%,2.20%,4.62%,"$38,518"
SafeBull,SAFEBULL,$0.0...02126,0.19%,9.05%,13.00%,missing
Buxcoin,BUX,$0.0005506,0.01%,1.76%,35.07%,"$90,954"
Giveth,GIV,$0.008179,0.01%,1.81%,4.71%,"$70,973"
Medamon,MON,$0.001038,0.02%,6.57%,1.61%,"$61,841"
Avatar Musk Verse,AMV,$0.00058,0.20%,0.12%,15.48%,"$57,998"
CronaSwap,CRONA,$0.0006571,0.03%,1.11%,2.54%,"$33,331"
sKLAY,SKLAY,$0.1405,0.02%,4.67%,12.12%,missing
Seele-N,SEELE,$0.00001616,0.00%,4.20%,55.31%,"$378,194"
Solalgo,SLGO,$0.01552,0.20%,4.15%,7.26%,"$65,203"
Diyarbekirspor Token,DIYAR,$0.1112,3.85%,2.40%,6.99%,missing
Dinger Token,DINGER,$0.0...03979,0.21%,0.09%,2.81%,"$397,894"
Krogan,KRO,$0.0006975,0.01%,1.49%,3.12%,missing
The Habibiz,HABIBI,$0.0...03535,0.02%,4.47%,25.11%,missing
Famous Fox Federation,FOXY,$0.001698,0.01%,1.75%,2.11%,missing
HOBO UNIVERSE,HOBO,$0.0005118,0.41%,22.85%,39.13%,"$2,252"
Baby Doge CEO,BABYCEO,$0.0...06777,0.20%,0.75%,2.83%,missing
Fathom,FATHOM,$0.0001107,0.54%,1.09%,2.02%,"$110,711"
Light Token,LT,$0.00002282,0.00%,1.87%,10.02%,"$9,185,307"
Hamster Coin,$HAMSTR,$0.0...00549,0.21%,2.48%,26.10%,"$155,774"
1COIN,1COIN,$0.0...08987,0.00%,0.76%,0.00%,"$3,595"
Solareum Wallet,XSB,$0.00005254,0.94%,3236.71%,32.38%,"$7,684"
Wrapped THETA,WTHETA,$0.5892,0.25%,2.07%,4.84%,"$381,223"
AIBabyDoge,AIBABYDOGE,$0.0...03087,0.76%,3.87%,11.29%,"$129,652"
Hamachi Finance,HAMI,$0.000009669,0.24%,1.12%,9.23%,"$192,640"
TCG Verse,TCGC,$0.04444,0.15%,1.07%,3.30%,"$62,964"
MonkeDAO,DAOSOL,$20.41,0.91%,0.96%,3.98%,"$438,044"
Ramestta,RAMA,$0.15,0.00%,4.17%,14.57%,missing
XENDoge,XDOGE,$0.000006566,0.17%,5.17%,13.23%,"$88,909"
Melon,MELON,$0.0...03367,0.17%,0.94%,5.31%,"$26,940"
SatoshiStreetBets,SSB,$0.0...05595,0.17%,1.25%,1.93%,missing
Plutonians,PLD,$0.004487,0.01%,0.95%,4.95%,"$186,426"
SEC,SEC,$0.0...03575,0.17%,2.37%,3.29%,"$24,915"
Musk Gold,MUSK,$0.003069,0.17%,0.54%,5.20%,"$105,928"
BabySweep,BABYSWEEP,$0.0...03023,0.20%,0.09%,1.44%,"$116,994"
Darkness Share,NESS,$0.0001413,0.04%,2.16%,3.56%,missing
CZUSD,CZUSD,$0.9798,0.07%,1.11%,0.80%,missing
Pepe Potato,$MRPEPE,$0.0...07354,0.20%,6.71%,8.39%,"$3,677"
RUG RADIO,RUG,$0.0138,0.19%,1.10%,9.94%,missing
ADACash,ADACASH,$0.0...02897,0.20%,0.02%,4.91%,"$289,167"
Rizz Token,$RIZZ,$0.0...02242,0.19%,0.76%,35.01%,"$124,454"
zkSync Labs,ZKLAB,$0.002078,0.19%,0.31%,21.33%,missing
Dohrnii,DHN,$0.004767,0.01%,1.89%,29.87%,"$46,925"
Cipher Core,CIPHER,$0.005449,0.19%,0.41%,3.97%,"$45,770"
LYFE,LYFE,$2.85,0.00%,3.93%,0.61%,"$737,477"
Glide Finance,GLIDE,$0.01328,0.01%,1.70%,8.91%,missing
Affinity,AFNTY,$0.000001812,0.20%,0.25%,0.61%,missing
Green Block Token,GBT,$0.008528,0.20%,0.09%,6.08%,"$56,264"
Novacoin,NVC,$0.02644,0.31%,8.95%,1.18%,missing
Doge Blue,DOGEBLUE,$0.0...00781,0.09%,4.01%,6.13%,"$37,677"
CHANCE,CHANCE,$0.0...01276,0.20%,3.06%,3.12%,"$12,759"
DogeCash,DOGEC,$0.009782,0.31%,0.86%,0.50%,missing
Husky Avax,HUSKY,$0.0...00183,0.11%,0.35%,11.52%,"$161,712"
Ankr Staked FTM,ankrFTM,$0.203,0.78%,0.53%,3.68%,"$24,283"
Pig 2.0,PIG2.0,$0.0...06527,0.17%,0.20%,1.55%,"$27,461"
Plutonians,RPC,$0.00001699,0.01%,0.24%,0.55%,"$51,070"
Curio Governance,CGT,$0.01223,0.00%,26.95%,52.77%,"$343,848"
CRAZY PEPE,CRAZYPEPE,$0.0...01528,0.20%,0.39%,6.52%,"$14,359"
FLOKI 2.0,FLOKI 2.0,$0.000008843,0.17%,2.08%,2.06%,"$8,843"
Shih Tzu,SHIH,$0.0...01553,0.17%,1.13%,22.23%,"$155,303"
BunnyPark Game,BG,$0.000008985,0.00%,3.77%,0.78%,$399
ShibaZilla2.0 (old),SBZ2.0,<$0.0…00001,0.51%,1.48%,0.50%,$0
BelecX Protocol,BEX,$0.0002254,0.20%,12.50%,37.90%,missing
OneRing,RING,$0.002484,1.12%,0.21%,4.87%,"$7,681"
Snow,$SNOW,$0.0...03375,0.17%,0.22%,0.01%,"$141,989"
Layer2DAO,L2DAO,$0.001039,0.21%,0.20%,1.18%,missing
Neptune Mutual,NPM,$0.04238,7.23%,55.03%,40.75%,missing
Coin Of Champions,COC,$0.0...06696,0.20%,0.63%,1.15%,"$998,951"
Jackpot,777,$0.001322,0.33%,0.86%,2.18%,"$512,505"
Good Driver Reward Token,GDRT,$0.0...04371,0.04%,0.79%,5.52%,"$32,780"
Keeps Coin,KVERSE,$0.0007877,0.00%,5.02%,9.31%,missing
AutoDCA,DCA,$0.000488,0.21%,2.96%,0.89%,"$92,250"
Yoshi.exchange,YOSHI,$0.03467,0.48%,3.05%,3.15%,"$9,550,658"
PixPepe,PPEPE,$0.0...01315,0.20%,1.45%,10.15%,"$5,505"
HelpSeed,HELPS,$0.000001821,5.21%,76.73%,658.74%,"$7,961"
LEOPARD,LEOPARD,$0.0...07536,0.19%,0.49%,2.41%,missing
DackieSwap,DACKIE,$0.00181,2.53%,6.50%,41.86%,missing
X Project,X-TOKEN,$0.0005144,0.52%,0.52%,2.02%,missing
Substratum,SUB,$0.0004051,0.19%,68.27%,123.64%,missing
Bitcoin Legend,BCL,$0.0001708,0.19%,4.92%,10.99%,"$2,561"
Snap Token,SNAP,$0.0001535,0.19%,0.94%,78.10%,missing
Lucky Lion,LUCKY,$0.000135,0.02%,0.83%,1.94%,"$9,606"
Calo,CALO,$0.001482,0.19%,0.06%,0.42%,"$143,925"
Anoncoin,ANC,$0.02748,0.26%,3.72%,10.00%,"$57,998"
CHECKS,CHECKS,$0.0...01263,0.19%,1.32%,0.21%,"$53,138"
SafeMoonCash,SAFEMOONCASH,$0.0...02976,0.20%,0.84%,5.36%,missing
Zuplo,ZLP,$0.001076,0.26%,0.78%,0.06%,missing
Youcoin,YOU,$0.001882,0.07%,0.79%,2.43%,"$1,882,472"
Penguin Finance,PEFI,$0.003529,0.12%,1.53%,15.38%,"$53,874"
Neutroswap,NEUTRO,$0.004107,0.00%,3.60%,2.34%,missing
Foxe,FOXE,$0.0...04951,0.19%,0.88%,1.13%,"$88,027"
PetroDollar,XPD,$0.007666,0.33%,0.86%,2.17%,"$490,591"
BaseTools,BASE,$0.0002321,0.07%,0.31%,4.12%,missing
StickMan,STIC,$0.0...07828,0.20%,9.56%,11.30%,"$18,003"
Gem Guardian,GEMG,$0.003138,0.20%,0.97%,14.48%,"$6,589"
Envelop,NIFTSY,$0.0037,0.01%,50.54%,6.26%,"$1,130,351"
Freight Trust & Clearing Network,EDI,$0.00003596,0.18%,0.91%,2.66%,missing
Universal Basic Income,UBI,$0.0007032,0.19%,1.77%,15.30%,missing
DiveWallet Token,DWT,$0.00405,0.20%,0.17%,1.05%,missing
GO!,GO!,$0.0000182,4.50%,4.80%,8.23%,"$18,197"
MetaBomb,MTB,$0.0000945,0.01%,0.13%,3.94%,"$15,931"
Freedom. Jobs. Business.,FJB,$0.000193,0.00%,7.99%,1.04%,"$3,807,684"
dexSHARE,DEXSHARE,$0.07319,0.20%,0.29%,13.97%,$435
YodeSwap,YODE,$0.0015,0.34%,1.56%,16.15%,$48
MonoLend,MLD,$0.001846,0.43%,1.59%,23.55%,"$24,000"
Corgidoge,CORGI,$0.0...01119,0.20%,0.69%,1.69%,missing
GPT AI,AI,$0.000003387,0.20%,0.79%,1.59%,"$10,162"
MIB Coin,MIB,$0.000103,0.00%,0.00%,1.85%,missing
PayRue (Propel),PROPEL,$0.0...06996,0.20%,0.76%,28.30%,"$5,597"
Baby Squid Game,BSG,$0.0...03148,0.20%,0.88%,7.38%,"$89,201"
Dinosaur,DINOSAUR,$0.00004869,0.20%,0.86%,1.30%,"$4,869"
Wrapped Staked Olympus,WSOHM,"$1,526.35",0.09%,0.51%,1.27%,missing
FOX TOKEN,FOX,$0.0...00074,26.85%,23.55%,20.90%,$0
AlgoGems,GEMS,$0.01221,0.20%,0.96%,1.28%,missing
BabyPepeEntire,BABYPEPE,$0.0...07216,0.20%,0.07%,2.13%,missing
Spank,SPANK,$0.001061,0.81%,1.54%,0.61%,"$22,276"
Qubit,QBT,$0.00005095,0.20%,0.26%,2.60%,missing
World Of Rewards,WOR,$0.008734,0.20%,0.17%,1.22%,"$33,817"
CakeWSwap,CAKEW,$0.00005646,9.35%,9.63%,13.66%,$56
DeFiato,DFIAT,$0.00177,0.07%,1.15%,2.51%,missing
Axia Protocol,AXIA,$0.0018,0.00%,21.74%,0.06%,missing
SDAO,SDAO,$0.005332,0.01%,0.63%,3.50%,missing
kimchichi,CHCH,$0.0...04786,0.20%,15.55%,43.62%,"$3,964"
DYZilla,DYZILLA,$0.0...00923,0.01%,0.12%,0.16%,missing
The Hustle App,HUSL,$0.0002644,0.33%,0.86%,2.18%,missing
TILWIKI,TLW,$0.1057,0.33%,0.86%,37.74%,missing
Amon,AMN,$0.0003121,2.01%,9.43%,0.77%,missing
CATCEO,CATCEO,$0.0...01614,0.20%,0.20%,0.59%,"$67,784"
SHIBIC,SHIBIC,$0.0...03671,0.00%,0.54%,0.49%,"$78,627"
AI Bob,AIB,<$0.0…00001,0.00%,0.00%,0.00%,$0
The MVP Society,DGEN,$0.0002459,5.94%,2.10%,59.64%,"$45,483"
Jacy,JACY,$0.0...07566,0.17%,1.25%,2.40%,missing
Bubble,BUB,$0.002379,0.33%,0.86%,2.18%,missing
2SHARE,2SHARES,$1.87,1.07%,6.08%,12.78%,missing
StereoAI,STAI,$0.00006358,0.20%,0.25%,6.82%,missing
Monolith,TKN,$0.06644,1.91%,9.34%,12.81%,missing
Oshi,OSHI,$0.000001848,0.20%,0.36%,2.58%,missing
PEPEBSC,PEPE,$0.00004118,0.20%,2.70%,0.91%,"$3,113"
Ricnatum,RCNT,$0.0...04711,0.20%,1.07%,7.48%,$707
Flux Protocol,FLUX,$0.009848,0.01%,3.45%,3.78%,missing
Kaiken Shiba,KSHIB,$0.0...08159,0.20%,3.77%,15.32%,missing
Santa Coin,SANTA,$0.0...01678,0.20%,0.22%,2.13%,missing
Plant Empires,PEFI,$0.0006337,0.00%,0.01%,0.00%,"$190,107"
Adalend,ADAL,$0.0005183,0.20%,1.26%,5.53%,$234
OXM Protocol,OXM,$0.0...03995,0.20%,21.54%,27.58%,$0
Channels,CAN,$0.0001378,0.20%,0.19%,3.75%,"$102,073"
SHIBCAT,SHIBCAT,$0.0...02443,0.20%,0.20%,2.15%,"$14,658"
ShibLa,SHIBL,$0.0...00104,0.00%,45.26%,19.96%,"$52,011"
Plata Network,PLATA,$0.0002848,0.18%,0.87%,2.62%,"$59,814"
SmartFi,SMTF,$0.02651,0.00%,0.00%,1.80%,missing
Helena Financial,HELENA,$0.02107,0.20%,23.37%,169.10%,"$4,559"
FuturoCoin,FTO,$0.00002644,0.33%,0.86%,2.18%,missing
Dante Finance,DANTE,$0.001328,1.01%,0.71%,5.57%,$28
Omnisea,OSEA,$0.09604,0.43%,19.40%,9.26%,missing
SeanceCircle,SEANCE,$0.0001093,0.78%,0.44%,3.92%,missing
Sucrecoin,XSR,$0.00002644,0.31%,0.86%,48.90%,missing
Ari Swap,ARI,$0.00001479,0.52%,0.10%,28.85%,missing
WifeDoge,WIFEDOGE,$0.0...00113,0.20%,0.21%,2.78%,"$577,535"
AI Pepe,AIPEPE,$0.0...01168,0.20%,0.21%,1.11%,"$22,883"
Exchange Genesis Ethlas Medium,XGEM,$0.0003862,0.42%,1.00%,2.09%,"$490,467"
TheSolanDAO,SDO,$0.0...04103,0.01%,0.50%,17.02%,missing
CZbnb,CZBNB,$3.52,0.20%,0.15%,0.88%,missing
Wrapped WAN,WWAN,$0.1877,0.01%,0.96%,4.09%,missing
Memecoin,MEM,$0.006689,0.23%,0.19%,1.66%,"$382,745"
Rimbit,RBT,$0.0002644,0.33%,0.86%,2.17%,"$52,231"
Crown,CRW,$0.004758,0.33%,6.83%,13.92%,"$151,621"
Quotient,XQN,$0.0002644,0.33%,0.86%,2.17%,missing
Okcash,OK,$0.003427,0.32%,7.10%,6.71%,missing
PayCoin,XPY,$0.0002644,0.33%,0.86%,2.17%,"$3,171"
Kobocoin,KOBO,$0.003965,0.33%,0.86%,2.17%,"$97,944"
Wild Beast Block,WBB,$0.005023,0.33%,0.86%,2.17%,$914
X-Coin,XCO,$0.0005287,0.33%,0.86%,2.17%,"$6,548"
SongCoin,SONG,$0.0002644,0.33%,0.86%,2.17%,"$8,609"
Woodcoin,LOG,$0.06133,15.05%,16.06%,30.08%,"$492,801"
Agrello,DLT,$0.0006609,0.33%,0.86%,2.18%,missing
Hiveterminal Token,HVN,$0.0004783,0.29%,0.80%,2.76%,missing
BUZZCoin,BUZZ,$0.000008783,0.25%,0.70%,0.70%,missing
Indorse Token,IND,$0.001304,1.33%,5.01%,1.34%,"$48,868"
XPA,XPA,$0.0001136,0.25%,0.74%,0.61%,"$6,497"
ATBCoin,ATB,$0.0002644,0.33%,0.86%,2.18%,"$11,114"
Kyber Network Crystal Legacy,KNCL,$0.5676,0.69%,6.91%,5.09%,"$116,386,586"
Ormeus Coin,ORMEUS,$0.0008992,0.00%,0.00%,0.06%,"$32,285"
Cobinhood,COB,$0.0002644,0.33%,0.86%,2.18%,missing
Blue Protocol,BLUE,$0.004681,0.30%,0.81%,0.95%,"$171,530"
Fire Lotto,FLOT,$0.0009183,0.27%,0.80%,0.99%,"$25,237"
CyberMusic,CYMT,$0.00001623,0.22%,0.73%,0.59%,missing
Bitether,BTR,$0.002644,0.31%,0.86%,2.19%,"$149,998"
EvenCoin,EVN,$0.0003107,0.26%,0.78%,0.57%,"$9,710"
Havy,HAVY,$0.00001623,0.22%,0.73%,0.59%,missing
Rotharium,RTH,$0.5,0.00%,0.02%,1.15%,missing
RealTract,RET,$0.00001623,0.22%,0.73%,0.59%,missing
Abulaba,AAA,$0.0000487,0.22%,0.73%,0.59%,$735
Bitcoin Adult,BTAD,$0.0003173,0.31%,0.86%,2.19%,missing
MobilinkToken,MOLK,$0.0001044,0.30%,0.84%,1.75%,missing
Chainpay,CPAY,$0.05763,0.13%,0.86%,2.17%,missing
GoalTime N,GTX,$0.000013,0.00%,0.00%,43.50%,missing
B ONE PAYMENT,B1P,$0.0002644,0.33%,0.86%,2.17%,"$2,346"
Scopuly,SCOP,$0.01875,0.18%,2.37%,6.64%,"$59,061,404"
Charg Coin,CHG,$0.3807,0.33%,0.86%,2.17%,missing
CoinLoan,CLT,$0.7802,0.03%,0.02%,3.77%,"$1,521,346"
Bali Coin,BALI,$0.003172,0.33%,0.86%,2.17%,missing
CCX,CCXX,$16.39,0.06%,1.62%,1.86%,"$293,742,359"
Jack Token,JACK,$0.9511,0.33%,0.89%,2.17%,missing
EarnBet,BET,$0.005996,0.00%,0.00%,0.00%,missing
Advertise Coin,ADCO,$0.3572,0.23%,0.73%,0.59%,missing
SaltSwap Finance,SALT,$0.000416,0.00%,0.18%,2.09%,missing
Nodestats,NS,$0.0005023,0.31%,0.86%,2.19%,missing
MIMOSA,MIMO,$0.00964,0.00%,0.00%,0.00%,missing
wanETH,WANETH,"$1,617.05",0.00%,0.00%,4.21%,missing
Jetfuel Finance,FUEL,$14.88,0.20%,0.21%,0.87%,"$1,835,037"
CAD Coin,CADC,$0.2785,0.01%,0.03%,0.01%,missing
Siren,SI,$0.04552,0.00%,0.15%,4.18%,missing
SHD CASH,SHDC,$0.00006598,0.13%,0.14%,1.92%,missing
Poodl Token,POODL,$0.0...03733,0.00%,0.23%,5.10%,"$297,592"
Xiglute Coin,XGC,$0.0000017,0.00%,5.55%,0.06%,"$2,141,258"
BULL FINANCE,BULL,$0.0...03563,0.00%,0.31%,1.04%,missing
Curio Stable Coin,CSC,$0.0671,0.07%,5.76%,25.62%,"$14,094"
H2Finance,YFIH2,$0.2393,0.00%,0.00%,0.73%,missing
B.Protocol,BPRO,$0.7019,0.00%,0.00%,0.00%,missing
Lifty,LQT,$0.008325,0.00%,0.00%,0.00%,"$335,578"
FarmHero,HONOR,$0.0001192,0.02%,0.03%,0.02%,missing
Kawakami,KAWA,$0.0...02014,0.00%,0.85%,2.43%,"$198,661"
Definix,FINIX,$0.00321,0.00%,0.00%,0.00%,missing
Koji,KOJI,$0.0...02186,0.02%,0.01%,0.08%,"$117,030"
Diamond Boyz Coin,DBZ,$0.001433,0.00%,0.00%,0.00%,missing
Little Angry Bunny v2,LAB v2,<$0.0…00001,0.02%,0.02%,6.65%,"$54,237"
Everest Token,EVRT,$0.00001057,0.07%,0.95%,4.00%,missing
MoneydefiSwap,MSD,$0.0...03785,0.00%,0.23%,16.34%,missing
Loki Variants Fan,VARIANTS,$0.0008165,0.00%,0.00%,0.00%,"$17,147"
RugZombie,ZMBE,$0.0001117,0.20%,0.21%,0.93%,missing
FUFU,FUFU,$0.0002474,0.00%,0.00%,0.64%,"$40,032"
Shibaverse,VERSE,$0.0003358,0.00%,0.85%,3.66%,"$270,964"
Dragon Egg,DREGG,$0.003769,0.00%,0.00%,0.00%,missing
XTRA Token,XTRA,$0.0...02701,0.00%,0.00%,0.05%,"$102,977"
Afrostar,AFRO,$0.0...01532,0.00%,0.27%,1.09%,missing
BuffedShiba,BSHIB,$0.0...00684,0.00%,0.00%,0.96%,missing
Cockapoo,CPOO,$0.0...04546,1.09%,1.09%,1.14%,missing
Diviner Protocol,DPT,$0.0000452,0.00%,0.00%,0.00%,missing
Bunscake,BSCAKE,$0.0...04401,0.00%,2.32%,2.38%,"$34,327"
Ethernal Finance,ETHFIN,$0.0...06598,0.00%,0.00%,1.34%,missing
Gamma,GAM,$0.0005689,0.00%,0.00%,0.00%,$573
1Swap,1SWAP,$0.00001221,0.00%,0.00%,0.00%,missing
Popcorn,POP,$0.06319,0.00%,0.83%,2.04%,"$3,396,870"
ArcadeNetwork,ARC,$0.0005752,0.00%,0.01%,8.16%,"$96,029"
GOGOcoin,GOGO,$0.007269,0.00%,0.02%,5.17%,"$19,117"
InfinityCash,IFC,$0.002202,0.00%,0.00%,0.00%,"$4,624"
GFORCE,GFCE,$0.3634,0.20%,0.21%,1.26%,"$363,405"
Cryptotem,TOTEM,$0.00009349,0.00%,2.33%,3.23%,"$927,829"
MetaFabric,FABRIC,$0.0001345,0.00%,0.00%,19.99%,"$67,260"
BitGoo,BTG,$0.0...01368,0.00%,0.00%,0.00%,missing
Twelve Legions,CTL,$0.0002016,0.00%,0.00%,0.00%,"$26,165"
bePAY Finance,BECOIN,$0.003653,0.00%,0.02%,5.19%,"$47,487"
DexBrowser,BRO,$0.00054,0.00%,0.06%,0.39%,missing
RunNode,RUN,$0.00006414,0.00%,0.00%,0.05%,"$2,510"
POLARNODES,POLAR,$0.00001747,0.00%,1.00%,6.23%,missing
Moebius,MOBI,$0.006849,1.01%,1.14%,10.37%,missing
The Phoenix,FIRE,$0.202,0.00%,0.00%,0.00%,missing
METABULLRAGE,BERAGE,$0.000006879,0.00%,0.00%,0.00%,"$6,879"
Civic Power,POWER,$0.1126,2.51%,5.77%,19.12%,missing
FirstHare,FirstHare,<$0.0…00001,0.00%,0.00%,0.00%,missing
Metarun,MRUN,$0.0001369,0.00%,2.39%,10.30%,"$3,777"
Chain Lords,GLORY,$0.01707,0.00%,0.00%,0.00%,missing
SelfBar,SBAR,$0.5983,0.00%,0.00%,5.37%,"$2,991,411"
DiemLibre,DLB,$0.00007623,0.00%,0.23%,1.84%,missing
BinaryDAO,BYTE,$1.42,0.00%,0.02%,0.85%,missing
Two Monkey Juice Bar,TMON,$0.0001,0.02%,0.00%,0.05%,missing
P2P Taxi Token,P2PTXT,$0.0...04031,0.02%,0.00%,59.66%,"$3,991"
Wolf Town Wool,WTWOOL,$0.00007257,0.00%,0.23%,11.11%,"$362,873"
New Paradigm Assets Solution,NPAS,$0.0027,0.02%,0.00%,0.05%,"$1,107,164"
Myriad Social,MYRIA,$0.00008512,0.18%,0.76%,3.76%,missing
TiraVerse,TVRS,$0.000008981,0.02%,0.11%,0.06%,"$898,133"
Sifu Vision,SIFU,$67.48,0.00%,0.04%,0.04%,missing
Vulcano,VULC,$0.000777,0.00%,0.00%,4.65%,"$6,255"
Primate,PRIMATE,$0.004727,0.00%,0.23%,3.59%,"$666,978"
SpartaCats,PURR,$0.0...07706,0.01%,0.47%,3.16%,missing
Mudra MDR,MDR,$0.1251,0.08%,16.59%,3.72%,missing
Dragoma,DMA,$0.0003076,0.00%,0.72%,0.15%,"$1,292"
Bonded Cronos,BCRO,$0.0569,0.00%,0.00%,0.39%,missing
Twoge Inu,TWOGE,$0.0...07833,0.00%,0.07%,0.81%,missing
Nowar,NOWAR,$0.00002608,0.00%,0.00%,0.00%,"$26,079"
Brayzin Heist,BRZH,$0.00002554,0.00%,0.00%,0.00%,missing
Crypto International,CRI,$0.3448,0.14%,0.41%,4.65%,"$2,066,568,975"
INU,INU,$0.0...02113,0.00%,0.48%,0.50%,missing
Cards of BSC,COB,$0.002033,0.00%,0.00%,0.00%,missing
Ushi,USHI,$0.0000295,0.00%,0.62%,4.49%,"$619,593"
Clash,CLH,$0.00152,0.00%,0.00%,0.00%,missing
France Fan Token,FRA,$0.0003877,0.00%,0.00%,0.00%,"$28,137"
King of Legends,KOL,$0.04521,0.00%,0.26%,32.74%,missing
ACEToken,ACE,$0.0...06201,0.00%,0.00%,8.02%,missing
Marosca Inu,MAROSCA,$0.0...01023,0.00%,0.00%,0.00%,missing
ZudgeZury,ZZC,$0.0...07001,0.00%,0.00%,0.05%,"$3,500,667"
Hayya Qatar,HQR,$0.0...00002,60.00%,41.70%,24.64%,"$2,000"
Winterdog,WDOG,$0.0...09802,0.00%,0.00%,12.70%,$980
Shinigami,$DEATH,$0.06177,0.00%,0.00%,0.00%,"$6,177"
TUF Token,TUF,$0.0007218,0.00%,0.93%,7.60%,"$721,796"
Nikel Tech,NIKL,$0.01314,0.32%,0.80%,29.67%,"$1,313,588"
Open Meta Trade,OMT,$0.2901,0.00%,0.00%,36.53%,"$10,661"
Web Ai,WEBAI,$0.00005194,0.00%,0.00%,0.00%,"$21,814"
Dual Finance,DUAL,$0.02449,0.00%,0.00%,0.00%,missing
Ordinal Doge,oDOGE,$0.0...05506,0.00%,0.00%,1.94%,"$23,426"
DOPE Coin,DOPE,$0.0001541,0.00%,0.84%,18.41%,"$64,707"
Pricetools,PTOOLS,$0.00004015,0.00%,0.00%,0.00%,missing
BabyDoge CEO,BCEO,$0.0...07349,0.00%,0.00%,1.52%,missing
Sonic Suite,SONIC,$0.0002447,0.00%,8.21%,7.77%,"$235,658"
DevOps,DEV,$0.000009499,0.00%,0.00%,3.55%,missing
Have Fun,HF,$0.0...07244,0.00%,0.23%,4.19%,"$152,119"
Baby Pepe,BABY PEPE,$0.0...02668,0.00%,0.31%,2.17%,"$26,677"
Hope,HOPE,$0.4557,0.00%,0.00%,1.35%,"$5,963,533"
DropArb,DROP,$0.0...01931,0.00%,0.00%,0.49%,missing
RICH PEPE,RICHPEPE,$0.0...02286,0.00%,0.85%,10.16%,"$22,857"
4D Twin Maps,MAP,$0.0...01016,0.00%,0.00%,46.99%,$0
Elon Musk,MUSK,$0.000002002,0.00%,0.00%,1.43%,"$20,018"
Rarity Garden (Unicorn Metaverse),UNIVERSE,$0.01133,0.00%,0.00%,5.78%,"$351,268"
Simsland,SIMS,$0.00411,0.00%,0.00%,2.38%,"$3,946"
WEALTH,WEALTH,$0.000009233,0.00%,0.84%,24.08%,"$38,842"
Sylvester BSC,CAT,$0.000002039,6.44%,3.40%,14.35%,"$2,039"
Fexanium,FXM,$0.000004935,0.00%,0.31%,0.92%,"$4,935"
RollerSwap,ROLS,$0.00009999,0.03%,0.01%,0.04%,"$3,000"
Puppets Coin,PUPPETS,$0.0...05801,0.02%,0.00%,0.05%,"$22,623"
Mr F was here,MRF,$0.0886,0.00%,0.84%,4.66%,missing
HajiIni,HINU,$0.0...03532,0.00%,0.00%,6.77%,"$5,298"
Homer Pepe,HOMER PEPE,$0.0...04996,0.00%,0.00%,65.22%,"$2,098,148"
FOMO DUCK,DUCK,$0.0...01708,0.00%,0.00%,0.00%,missing
CRUX,CRUX,$0.000001398,0.00%,0.00%,1.44%,$350
King Bean,KINGB,$0.0...02085,0.00%,0.00%,1.83%,"$5,459"
TheNextPepe,XPEPE,$0.0...00882,0.00%,0.48%,2.11%,"$37,104"
Baby Profit Blue,BBLUE,$0.0...01332,0.00%,0.00%,3.30%,"$1,332"
Dubai Coin,DUBAI,$0.00008126,0.00%,0.00%,45.77%,"$8,126"
NeverGibUpFren,NGUF,$0.1565,0.00%,0.00%,2.50%,"$15,648"
Space Coin,SPACC,$0.001924,0.00%,0.00%,24.14%,$466
HKTiger,HKTIGER,$0.0...03031,0.00%,0.00%,3.13%,"$12,752"
JERRYINU,JERRYINU,$0.0...00103,0.00%,0.31%,1.39%,"$43,314"
ZangAi,ZANGAI,$0.000009434,0.00%,0.48%,21.39%,"$81,134"
BABYLTC,BLTC,$0.000006279,0.00%,1.10%,11.20%,"$1,319"
